2024-05-12 17:54:40.4213,Debug,Entering Form1_Load
2024-05-12 17:54:40.5806,Debug,Browser initialized
2024-05-12 17:54:40.5806,Debug,Frequency set to 99999 seconds
2024-05-12 17:54:40.5806,Debug,Leaving Form1_Load
2024-05-12 17:54:51.6250,Debug,Entering goButton_Click
2024-05-12 17:54:51.6250,Debug,Timer started
2024-05-12 17:54:51.6250,Debug,Leaving goButton_Click
2024-05-12 17:54:52.7069,Debug,Entering CoreWebView2_NavigationCompleted
2024-05-12 17:54:52.7069,Info,Page loaded in 1080 milliseconds, url: https://github.com/Chunlong101
2024-05-12 17:54:52.7069,Debug,Leaving CoreWebView2_NavigationCompleted
2024-05-12 17:54:52.7069,Debug,Entering webView21_WebMessageReceived
2024-05-12 17:54:52.7069,Error,Page failed to load, url: https://github.com/Chunlong101, tag: SuccessTag
2024-05-12 17:54:52.7069,Debug,Leaving webView21_WebMessageReceived
2024-05-12 17:54:54.8880,Debug,Timer stopped
2024-05-12 17:55:07.2623,Debug,Entering goButton_Click
2024-05-12 17:55:07.2623,Debug,Timer started
2024-05-12 17:55:07.2623,Debug,Leaving goButton_Click
2024-05-12 17:55:09.5291,Debug,Entering CoreWebView2_NavigationCompleted
2024-05-12 17:55:09.5291,Info,Page loaded in 2264 milliseconds, url: https://www.baidu.com/
2024-05-12 17:55:09.5291,Debug,Leaving CoreWebView2_NavigationCompleted
2024-05-12 17:55:09.5435,Debug,Entering webView21_WebMessageReceived
2024-05-12 17:55:09.5435,Error,Page failed to load, url: https://www.baidu.com/, tag: SuccessTag
2024-05-12 17:55:09.5435,Debug,Leaving webView21_WebMessageReceived
2024-05-12 17:55:10.2625,Debug,Entering timer1_Tick
2024-05-12 17:55:10.2625,Debug,Leaving timer1_Tick
2024-05-12 17:55:11.1884,Debug,Entering CoreWebView2_NavigationCompleted
2024-05-12 17:55:11.1884,Info,Page loaded in 933 milliseconds, url: https://www.baidu.com/
2024-05-12 17:55:11.1884,Debug,Leaving CoreWebView2_NavigationCompleted
2024-05-12 17:55:11.2089,Debug,Entering webView21_WebMessageReceived
2024-05-12 17:55:11.2089,Error,Page failed to load, url: https://www.baidu.com/, tag: SuccessTag
2024-05-12 17:55:11.2089,Debug,Leaving webView21_WebMessageReceived
2024-05-12 17:55:13.2526,Debug,Entering timer1_Tick
2024-05-12 17:55:13.2526,Debug,Leaving timer1_Tick
2024-05-12 17:55:14.0593,Debug,Entering CoreWebView2_NavigationCompleted
2024-05-12 17:55:14.0593,Info,Page loaded in 807 milliseconds, url: https://www.baidu.com/
2024-05-12 17:55:14.0593,Debug,Leaving CoreWebView2_NavigationCompleted
2024-05-12 17:55:14.0759,Debug,Entering webView21_WebMessageReceived
2024-05-12 17:55:14.0759,Error,Page failed to load, url: https://www.baidu.com/, tag: SuccessTag
2024-05-12 17:55:14.0759,Debug,Leaving webView21_WebMessageReceived
2024-05-12 17:55:16.2589,Debug,Entering timer1_Tick
2024-05-12 17:55:16.2589,Debug,Leaving timer1_Tick
2024-05-12 17:55:17.0742,Debug,Entering CoreWebView2_NavigationCompleted
2024-05-12 17:55:17.0742,Info,Page loaded in 815 milliseconds, url: https://www.baidu.com/
2024-05-12 17:55:17.0742,Debug,Leaving CoreWebView2_NavigationCompleted
2024-05-12 17:55:17.1073,Debug,Entering webView21_WebMessageReceived
2024-05-12 17:55:17.1073,Error,Page failed to load, url: https://www.baidu.com/, tag: SuccessTag
2024-05-12 17:55:17.1073,Debug,Leaving webView21_WebMessageReceived
2024-05-12 17:55:17.7229,Debug,Timer stopped
2024-10-19 21:36:34.3594,Debug,Entering Form1_Load
2024-10-19 21:36:34.4653,Debug,Browser initialized
2024-10-19 21:36:34.4717,Debug,Frequency set to 99999 seconds
2024-10-19 21:36:34.4717,Debug,Leaving Form1_Load
2024-10-19 21:37:39.5354,Debug,Entering Form1_Load
2024-10-19 21:37:39.6902,Debug,Browser initialized
2024-10-19 21:37:39.6902,Debug,Frequency set to 99999 seconds
2024-10-19 21:37:39.6902,Debug,Leaving Form1_Load
2024-10-19 21:39:20.1541,Debug,Entering Form1_Load
2024-10-19 21:39:20.2428,Debug,Browser initialized
2024-10-19 21:39:20.2428,Debug,Frequency set to 99999 seconds
2024-10-19 21:39:20.2428,Debug,Leaving Form1_Load
2024-10-19 21:40:34.1821,Debug,Entering Form1_Load
2024-10-19 21:40:34.2595,Debug,Browser initialized
2024-10-19 21:40:34.2595,Debug,Frequency set to 99999 seconds
2024-10-19 21:40:34.2595,Debug,Leaving Form1_Load
2024-10-19 21:42:42.1400,Debug,Entering Form1_Load
2024-10-19 21:42:42.2239,Debug,Browser initialized
2024-10-19 21:42:42.2239,Debug,Frequency set to 99999 seconds
2024-10-19 21:42:42.2239,Debug,Leaving Form1_Load
2024-10-19 21:43:23.1274,Debug,Entering Form1_Load
2024-10-19 21:43:23.2139,Debug,Browser initialized
2024-10-19 21:43:23.2223,Debug,Frequency set to 99999 seconds
2024-10-19 21:43:23.2223,Debug,Leaving Form1_Load
2024-10-19 21:44:14.3515,Debug,Entering Form1_Load
2024-10-19 21:44:14.4551,Debug,Browser initialized
2024-10-19 21:44:14.4551,Debug,Frequency set to 99999 seconds
2024-10-19 21:44:14.4551,Debug,Leaving Form1_Load
2024-10-19 22:13:47.8787,Debug,Entering Form1_Load
2024-10-19 22:13:48.0290,Debug,Browser initialized
2024-10-19 22:13:48.0290,Debug,Frequency set to 99999 seconds
2024-10-19 22:13:48.0290,Debug,Leaving Form1_Load
2024-10-19 22:14:13.9857,Debug,Entering goButton_Click
2024-10-19 22:14:13.9857,Debug,Timer started
2024-10-19 22:14:13.9857,Debug,Leaving goButton_Click
2024-10-19 22:14:14.5161,Debug,Entering CoreWebView2_NavigationCompleted
2024-10-19 22:14:14.5161,Info,Page loaded in 530 milliseconds, url: http://baidu.com/
2024-10-19 22:14:14.5161,Debug,Leaving CoreWebView2_NavigationCompleted
2024-10-19 22:14:15.3907,Debug,Entering webView21_WebMessageReceived
2024-10-19 22:14:15.3907,Error,Page failed to load, url: https://www.baidu.com/, tag: SuccessTag
2024-10-19 22:14:15.3907,Debug,Leaving webView21_WebMessageReceived
2024-10-19 22:14:18.1916,Debug,Entering CoreWebView2_NavigationCompleted
2024-10-19 22:14:18.1916,Info,Page loaded in 530 milliseconds, url: https://www.baidu.com/
2024-10-19 22:14:18.1916,Debug,Leaving CoreWebView2_NavigationCompleted
2024-10-19 22:14:23.8143,Debug,Timer stopped
